--
-- PostgreSQL database dump
--

-- Dumped from database version 12.10 (Ubuntu 12.10-0ubuntu0.20.04.1)
-- Dumped by pg_dump version 12.10 (Ubuntu 12.10-0ubuntu0.20.04.1)

SET statement_timeout = 0;
SET lock_timeout = 0;
SET idle_in_transaction_session_timeout = 0;
SET client_encoding = 'UTF8';
SET standard_conforming_strings = on;
SELECT pg_catalog.set_config('search_path', '', false);
SET check_function_bodies = false;
SET xmloption = content;
SET client_min_messages = warning;
SET row_security = off;

SET default_tablespace = '';

SET default_table_access_method = heap;

--
-- Name: app_country; Type: TABLE; Schema: public; Owner: enterprise
--

CREATE TABLE public.app_country (
    id bigint NOT NULL,
    country character varying(100) NOT NULL
);


ALTER TABLE public.app_country OWNER TO enterprise;

--
-- Name: app_country_id_seq; Type: SEQUENCE; Schema: public; Owner: enterprise
--

ALTER TABLE public.app_country ALTER COLUMN id ADD GENERATED BY DEFAULT AS IDENTITY (
    SEQUENCE NAME public.app_country_id_seq
    START WITH 1
    INCREMENT BY 1
    NO MINVALUE
    NO MAXVALUE
    CACHE 1
);


--
-- Name: app_office; Type: TABLE; Schema: public; Owner: enterprise
--

CREATE TABLE public.app_office (
    id bigint NOT NULL,
    implementation_office character varying(100) NOT NULL
);


ALTER TABLE public.app_office OWNER TO enterprise;

--
-- Name: app_office_id_seq; Type: SEQUENCE; Schema: public; Owner: enterprise
--

ALTER TABLE public.app_office ALTER COLUMN id ADD GENERATED BY DEFAULT AS IDENTITY (
    SEQUENCE NAME public.app_office_id_seq
    START WITH 1
    INCREMENT BY 1
    NO MINVALUE
    NO MAXVALUE
    CACHE 1
);


--
-- Name: app_project; Type: TABLE; Schema: public; Owner: enterprise
--

CREATE TABLE public.app_project (
    id bigint NOT NULL,
    project_ref character varying(100) NOT NULL,
    project_title character varying(200) NOT NULL,
    start_date timestamp with time zone NOT NULL,
    duration integer NOT NULL,
    end_date timestamp with time zone NOT NULL,
    grant_amount numeric(20,2) NOT NULL,
    first_disbursement_amount numeric(20,2) NOT NULL,
    "readiness_or_NAP" character varying(100) NOT NULL,
    types_of_readiness character varying(100) NOT NULL,
    status character varying(100) NOT NULL
);


ALTER TABLE public.app_project OWNER TO enterprise;

--
-- Name: app_project_id_seq; Type: SEQUENCE; Schema: public; Owner: enterprise
--

ALTER TABLE public.app_project ALTER COLUMN id ADD GENERATED BY DEFAULT AS IDENTITY (
    SEQUENCE NAME public.app_project_id_seq
    START WITH 1
    INCREMENT BY 1
    NO MINVALUE
    NO MAXVALUE
    CACHE 1
);


--
-- Name: app_projectimplementation; Type: TABLE; Schema: public; Owner: enterprise
--

CREATE TABLE public.app_projectimplementation (
    id bigint NOT NULL,
    country_id bigint NOT NULL,
    implementation_office_id bigint NOT NULL,
    project_id bigint NOT NULL
);


ALTER TABLE public.app_projectimplementation OWNER TO enterprise;

--
-- Name: app_projectimplementation_id_seq; Type: SEQUENCE; Schema: public; Owner: enterprise
--

ALTER TABLE public.app_projectimplementation ALTER COLUMN id ADD GENERATED BY DEFAULT AS IDENTITY (
    SEQUENCE NAME public.app_projectimplementation_id_seq
    START WITH 1
    INCREMENT BY 1
    NO MINVALUE
    NO MAXVALUE
    CACHE 1
);


--
-- Name: auth_group; Type: TABLE; Schema: public; Owner: enterprise
--

CREATE TABLE public.auth_group (
    id integer NOT NULL,
    name character varying(150) NOT NULL
);


ALTER TABLE public.auth_group OWNER TO enterprise;

--
-- Name: auth_group_id_seq; Type: SEQUENCE; Schema: public; Owner: enterprise
--

ALTER TABLE public.auth_group ALTER COLUMN id ADD GENERATED BY DEFAULT AS IDENTITY (
    SEQUENCE NAME public.auth_group_id_seq
    START WITH 1
    INCREMENT BY 1
    NO MINVALUE
    NO MAXVALUE
    CACHE 1
);


--
-- Name: auth_group_permissions; Type: TABLE; Schema: public; Owner: enterprise
--

CREATE TABLE public.auth_group_permissions (
    id bigint NOT NULL,
    group_id integer NOT NULL,
    permission_id integer NOT NULL
);


ALTER TABLE public.auth_group_permissions OWNER TO enterprise;

--
-- Name: auth_group_permissions_id_seq; Type: SEQUENCE; Schema: public; Owner: enterprise
--

ALTER TABLE public.auth_group_permissions ALTER COLUMN id ADD GENERATED BY DEFAULT AS IDENTITY (
    SEQUENCE NAME public.auth_group_permissions_id_seq
    START WITH 1
    INCREMENT BY 1
    NO MINVALUE
    NO MAXVALUE
    CACHE 1
);


--
-- Name: auth_permission; Type: TABLE; Schema: public; Owner: enterprise
--

CREATE TABLE public.auth_permission (
    id integer NOT NULL,
    name character varying(255) NOT NULL,
    content_type_id integer NOT NULL,
    codename character varying(100) NOT NULL
);


ALTER TABLE public.auth_permission OWNER TO enterprise;

--
-- Name: auth_permission_id_seq; Type: SEQUENCE; Schema: public; Owner: enterprise
--

ALTER TABLE public.auth_permission ALTER COLUMN id ADD GENERATED BY DEFAULT AS IDENTITY (
    SEQUENCE NAME public.auth_permission_id_seq
    START WITH 1
    INCREMENT BY 1
    NO MINVALUE
    NO MAXVALUE
    CACHE 1
);


--
-- Name: auth_user; Type: TABLE; Schema: public; Owner: enterprise
--

CREATE TABLE public.auth_user (
    id integer NOT NULL,
    password character varying(128) NOT NULL,
    last_login timestamp with time zone,
    is_superuser boolean NOT NULL,
    username character varying(150) NOT NULL,
    first_name character varying(150) NOT NULL,
    last_name character varying(150) NOT NULL,
    email character varying(254) NOT NULL,
    is_staff boolean NOT NULL,
    is_active boolean NOT NULL,
    date_joined timestamp with time zone NOT NULL
);


ALTER TABLE public.auth_user OWNER TO enterprise;

--
-- Name: auth_user_groups; Type: TABLE; Schema: public; Owner: enterprise
--

CREATE TABLE public.auth_user_groups (
    id bigint NOT NULL,
    user_id integer NOT NULL,
    group_id integer NOT NULL
);


ALTER TABLE public.auth_user_groups OWNER TO enterprise;

--
-- Name: auth_user_groups_id_seq; Type: SEQUENCE; Schema: public; Owner: enterprise
--

ALTER TABLE public.auth_user_groups ALTER COLUMN id ADD GENERATED BY DEFAULT AS IDENTITY (
    SEQUENCE NAME public.auth_user_groups_id_seq
    START WITH 1
    INCREMENT BY 1
    NO MINVALUE
    NO MAXVALUE
    CACHE 1
);


--
-- Name: auth_user_id_seq; Type: SEQUENCE; Schema: public; Owner: enterprise
--

ALTER TABLE public.auth_user ALTER COLUMN id ADD GENERATED BY DEFAULT AS IDENTITY (
    SEQUENCE NAME public.auth_user_id_seq
    START WITH 1
    INCREMENT BY 1
    NO MINVALUE
    NO MAXVALUE
    CACHE 1
);


--
-- Name: auth_user_user_permissions; Type: TABLE; Schema: public; Owner: enterprise
--

CREATE TABLE public.auth_user_user_permissions (
    id bigint NOT NULL,
    user_id integer NOT NULL,
    permission_id integer NOT NULL
);


ALTER TABLE public.auth_user_user_permissions OWNER TO enterprise;

--
-- Name: auth_user_user_permissions_id_seq; Type: SEQUENCE; Schema: public; Owner: enterprise
--

ALTER TABLE public.auth_user_user_permissions ALTER COLUMN id ADD GENERATED BY DEFAULT AS IDENTITY (
    SEQUENCE NAME public.auth_user_user_permissions_id_seq
    START WITH 1
    INCREMENT BY 1
    NO MINVALUE
    NO MAXVALUE
    CACHE 1
);


--
-- Name: django_admin_log; Type: TABLE; Schema: public; Owner: enterprise
--

CREATE TABLE public.django_admin_log (
    id integer NOT NULL,
    action_time timestamp with time zone NOT NULL,
    object_id text,
    object_repr character varying(200) NOT NULL,
    action_flag smallint NOT NULL,
    change_message text NOT NULL,
    content_type_id integer,
    user_id integer NOT NULL,
    CONSTRAINT django_admin_log_action_flag_check CHECK ((action_flag >= 0))
);


ALTER TABLE public.django_admin_log OWNER TO enterprise;

--
-- Name: django_admin_log_id_seq; Type: SEQUENCE; Schema: public; Owner: enterprise
--

ALTER TABLE public.django_admin_log ALTER COLUMN id ADD GENERATED BY DEFAULT AS IDENTITY (
    SEQUENCE NAME public.django_admin_log_id_seq
    START WITH 1
    INCREMENT BY 1
    NO MINVALUE
    NO MAXVALUE
    CACHE 1
);


--
-- Name: django_content_type; Type: TABLE; Schema: public; Owner: enterprise
--

CREATE TABLE public.django_content_type (
    id integer NOT NULL,
    app_label character varying(100) NOT NULL,
    model character varying(100) NOT NULL
);


ALTER TABLE public.django_content_type OWNER TO enterprise;

--
-- Name: django_content_type_id_seq; Type: SEQUENCE; Schema: public; Owner: enterprise
--

ALTER TABLE public.django_content_type ALTER COLUMN id ADD GENERATED BY DEFAULT AS IDENTITY (
    SEQUENCE NAME public.django_content_type_id_seq
    START WITH 1
    INCREMENT BY 1
    NO MINVALUE
    NO MAXVALUE
    CACHE 1
);


--
-- Name: django_migrations; Type: TABLE; Schema: public; Owner: enterprise
--

CREATE TABLE public.django_migrations (
    id bigint NOT NULL,
    app character varying(255) NOT NULL,
    name character varying(255) NOT NULL,
    applied timestamp with time zone NOT NULL
);


ALTER TABLE public.django_migrations OWNER TO enterprise;

--
-- Name: django_migrations_id_seq; Type: SEQUENCE; Schema: public; Owner: enterprise
--

ALTER TABLE public.django_migrations ALTER COLUMN id ADD GENERATED BY DEFAULT AS IDENTITY (
    SEQUENCE NAME public.django_migrations_id_seq
    START WITH 1
    INCREMENT BY 1
    NO MINVALUE
    NO MAXVALUE
    CACHE 1
);


--
-- Name: django_session; Type: TABLE; Schema: public; Owner: enterprise
--

CREATE TABLE public.django_session (
    session_key character varying(40) NOT NULL,
    session_data text NOT NULL,
    expire_date timestamp with time zone NOT NULL
);


ALTER TABLE public.django_session OWNER TO enterprise;

--
-- Data for Name: app_country; Type: TABLE DATA; Schema: public; Owner: enterprise
--

COPY public.app_country (id, country) FROM stdin;
1	Albania
2	Brazil
3	Comoros
4	Costa Rica
5	Dominican Republic
6	Morocco
7	Sudan
8	Honduras
9	Jordan
10	Madagascar
11	Malaysia
12	Maldives 
13	Mauritania 
14	Mauritius
15	Mongolia
16	Montenegro
17	Myanmar
18	Nepal
19	Niger
20	Pakistan
21	Palestine 
22	Serbia
23	South Sudan
24	Swaziland 
25	Tonga
26	Zimbabwe
27	Jordan PPFA
28	  Romania 
29	Kenya 
30	Tanzania
31	uganda
32	Egypt
33	Ghana
34	Panama
\.


--
-- Data for Name: app_office; Type: TABLE DATA; Schema: public; Owner: enterprise
--

COPY public.app_office (id, implementation_office) FROM stdin;
1	Europe Office
2	Economy Division
3	Ecosystems
4	Latin America Office
5	CTCN
6	West Asia Office
7	Asia Pacific Office
8	Africa Office
9	Policy & Programme Division
\.


--
-- Data for Name: app_project; Type: TABLE DATA; Schema: public; Owner: enterprise
--

COPY public.app_project (id, project_ref, project_title, start_date, duration, end_date, grant_amount, first_disbursement_amount, "readiness_or_NAP", types_of_readiness, status) FROM stdin;
2	BRA-RS-001	Technology Needs Assessment for the Implementation of Climate Action Plans	2018-06-19 21:00:00+00	17	2019-12-18 21:00:00+00	700000.00	197450.00	Readiness	FI/TNA/other	under implementation
3	COM-RS-001	1. Establishing and strengthening National Designated Authorities or Focal Points;\n2. Developing strategic frameworks for engagement with the GCF, including the preparation of country programmes.	2018-10-31 21:00:00+00	23	2020-10-20 21:00:00+00	426080.00	115117.00	Readiness	Capacity Building	under implementation
4	CRI-RS-002	Building sub-national capacities for the implementation of the National Adaptation Plan in Costa Rica	2018-10-22 21:00:00+00	36	2021-10-22 21:00:00+00	2861917.00	350575.33	National Adaptation Plans	NAP	under implementation
5	DOM-RS-002	Building capacity to advance National Adaptation Plan Process in the Dominican Republic	2018-07-10 21:00:00+00	34	2021-06-09 21:00:00+00	2998325.00	1161912.00	National Adaptation Plans	NAP	under implementation
6	EGY-RS-001	Supporting Egypt’s engagement with the Green Climate Fund: Logical framework support	2017-04-23 21:00:00+00	17	2018-10-22 21:00:00+00	300000.00	122456.00	Readiness	Capacity Building	under implementation
7	GHA-RS-001	Drought Early Warning and Forecasting System: Improving resiliency of crops to drought through strengthened early warning within Ghana, Uganda and Sudan	2017-05-14 21:00:00+00	23	2019-05-09 21:00:00+00	300150.00	300150.00	Readiness	FI/TNA/other	completion report submitted
8	HND-RS-002	Supporting strategic planning to engage with the GCF and comply with the national commitments under the Paris Agreement regarding the LULUCF sector	2018-01-17 21:00:00+00	18	2019-07-18 21:00:00+00	764960.00	243515.00	Readiness	REDD+	under implementation
9	JOR-RS-001	Strengthening NDA of Jordan to deliver on GCF Investment Framework	2017-06-14 21:00:00+00	17	2018-12-13 21:00:00+00	300000.00	150000.00	Readiness	Capacity Building	under implementation
10	MDG-RS-001	Building Capacity in Madagascar to engage with the GCF	2018-07-19 21:00:00+00	11	2019-07-18 21:00:00+00	300000.00	177588.00	Readiness	Capacity Building	under implementation
11	MLY-RS-002	Accessing REDD+ result-based payments in Malaysia	2018-11-11 21:00:00+00	24	2020-11-12 21:00:00+00	819230.00	465695.33	Readiness	REDD+	under implementation
12	MDV-RS-001	Establishing and strengthening National Designated Authority (NDA), and developing strategic framework for engagement with the GCF in Maldives	2017-06-15 21:00:00+00	11	2018-06-12 21:00:00+00	300000.00	198545.00	Readiness	Capacity Building	under implementation
13	MRT-RS-002	Building capacity to advance National Adaptation Plan Process in Mauritania	2018-07-16 21:00:00+00	35	2021-07-07 21:00:00+00	2670374.00	742163.00	National Adaptation Plans	NAP	under implementation
14	MUS-RS-002	Climate Change Vulnerability and Adaptation Study for Port of Port Louis	2018-01-21 21:00:00+00	14	2019-04-18 21:00:00+00	324764.00	324764.00	Readiness	FI/TNA/other	under implementation
15	MNG-RS-003	Scaling-up of Implementation of Low-Carbon District Heating Systems in Mongolia	2018-01-31 21:00:00+00	12	2019-01-31 21:00:00+00	368000.00	250000.00	Readiness	FI/TNA/other	under implementation
16	MNG-RS-004	Building capacity to advance National Adaptation Plan Process in Mongolia	2018-06-19 21:00:00+00	35	2021-06-18 21:00:00+00	2895461.00	406123.00	National Adaptation Plans	NAP	under implementation
17	MNE-RS-001	1. Establishing and strengthening National Designated Authorities or Focal Points;\n2. Developing strategic frameworks for engagement with the GCF, including the preparation of country programmes.	2016-08-29 21:00:00+00	12	2017-08-29 21:00:00+00	300000.00	145300.00	Readiness	Capacity Building	under implementation
18	MMR-RS-002	Establishing and Strengthening National Designated Authority (NDA), and Developing Strategic Framework for Engagement with the GCF in Myanmar	2017-11-09 21:00:00+00	18	2019-05-10 21:00:00+00	300000.00	115840.00	Readiness	Capacity Building	under implementation
19	MMR-RS-001	Strengthened drought and flood management through improved science‐based information availability and management in Myanmar	2017-07-25 21:00:00+00	12	2018-07-25 21:00:00+00	336520.00	336520.00	Readiness	FI/TNA/other	under implementation
20	NPL-RS-001	Building Capacity to Advance National Adaptation Plan Process in Nepal	2017-05-14 21:00:00+00	35	2020-05-13 21:00:00+00	2935350.00	465410.00	National Adaptation Plans	NAP	under implementation
21	NER-RS-002	Building Niger’s engagement with the GCF: Establishment and strengthening of the NDA, and elaboration of a country programme identifying strategic priorities	2018-06-19 21:00:00+00	17	2019-12-18 21:00:00+00	300000.00	138100.00	Readiness	Capacity Building	requesting funds
22	PAK-RS-003	Building capacity to advance National Adaptation Plan Process in Pakistan	2018-03-02 21:00:00+00	36	2021-03-03 21:00:00+00	2969674.00	675420.00	National Adaptation Plans	NAP	under implementation
23	PSE-RS-002	Technology Road Map for the Implementation of Climate Action Plans in Palestine.	2017-10-17 21:00:00+00	12	2018-10-17 21:00:00+00	254100.00	254100.00	Readiness	FI/TNA/other	under implementation
24	SRB-RS-001	Developing the capacities of the Republic of Serbia for an effective engagement with the Green Climate Fund	2018-01-11 21:00:00+00	12	2019-01-11 21:00:00+00	300000.00	130000.00	Readiness	Capacity Building	under implementation
25	SSD-RS-001	Republic of South Sudan Green Climate Fund’s Readiness and Preparatory Support Project 	2018-06-19 21:00:00+00	17	2019-12-18 21:00:00+00	300000.00	153178.00	Readiness	Capacity Building	under implementation
26	SWZ-RS-002	Green Climate Fund Readiness Support for Swaziland	2018-03-11 21:00:00+00	24	2020-03-12 21:00:00+00	299032.00	83046.00	Readiness	Capacity Building	under implementation
27	SWZ-RS-003	Building capacity to advance National Adaptation Plan process in Swaziland 	2018-06-27 21:00:00+00	35	2021-06-26 21:00:00+00	2796359.00	744662.00	National Adaptation Plans	NAP	under implementation
28	TON-RS-002	To develop an energy efficiency master plan for the Kingdom of Tonga and East Africa	2017-04-19 21:00:00+00	5	2017-10-08 21:00:00+00	200000.00	200000.00	Readiness	FI/TNA/other	under implementation
29	ZWE-RS-001	1. Establishing and strengthening National Designated Authorities or Focal Points;\n2. Developing strategic frameworks for engagement with the GCF, including the preparation of country programmes.	2018-03-04 21:00:00+00	23	2020-03-03 21:00:00+00	300000.00	121354.00	Readiness	Capacity Building	under implementation
30	ZWE-RS-002	Building capacity to advance National Adaptation Plan Process in Zimbabwe	2018-05-10 21:00:00+00	36	2021-05-12 21:00:00+00	2993349.00	877525.00	National Adaptation Plans	NAP	under implementation
31	S1-32GCL-000023	Jordan Integrated Landscape Management Initiative (JILMI)	2018-08-27 21:00:00+00	16	2019-12-27 21:00:00+00	2886275.00	278946.28	Readiness	Blank	under implementation
33	test-002	Test 002	2016-08-29 21:00:00+00	4	2017-08-30 00:00:00+00	233.00	32.00	NAP	NAP	pending
32	test-001	Test 001	2016-08-29 21:00:00+00	4	2017-08-30 00:00:00+00	233.00	32.00	NAP	NAP	pending
\.


--
-- Data for Name: app_projectimplementation; Type: TABLE DATA; Schema: public; Owner: enterprise
--

COPY public.app_projectimplementation (id, country_id, implementation_office_id, project_id) FROM stdin;
2	2	2	2
3	34	2	2
4	3	3	3
5	4	4	4
6	5	4	5
7	6	3	6
8	32	3	6
9	7	5	7
10	31	5	7
11	33	5	7
12	8	4	8
13	9	6	9
14	10	3	10
15	11	7	11
16	12	7	12
17	13	8	13
18	14	5	14
19	15	7	15
20	15	7	16
21	16	1	17
22	17	7	18
23	17	5	19
24	18	7	20
25	19	3	21
26	20	7	22
27	21	5	23
28	22	1	24
29	23	9	25
30	32	9	25
31	24	3	26
32	24	8	27
33	25	5	28
34	29	5	28
35	30	5	28
36	31	5	28
37	26	3	29
38	26	8	30
39	27	3	31
\.


--
-- Data for Name: auth_group; Type: TABLE DATA; Schema: public; Owner: enterprise
--

COPY public.auth_group (id, name) FROM stdin;
\.


--
-- Data for Name: auth_group_permissions; Type: TABLE DATA; Schema: public; Owner: enterprise
--

COPY public.auth_group_permissions (id, group_id, permission_id) FROM stdin;
\.


--
-- Data for Name: auth_permission; Type: TABLE DATA; Schema: public; Owner: enterprise
--

COPY public.auth_permission (id, name, content_type_id, codename) FROM stdin;
1	Can add log entry	1	add_logentry
2	Can change log entry	1	change_logentry
3	Can delete log entry	1	delete_logentry
4	Can view log entry	1	view_logentry
5	Can add permission	2	add_permission
6	Can change permission	2	change_permission
7	Can delete permission	2	delete_permission
8	Can view permission	2	view_permission
9	Can add group	3	add_group
10	Can change group	3	change_group
11	Can delete group	3	delete_group
12	Can view group	3	view_group
13	Can add user	4	add_user
14	Can change user	4	change_user
15	Can delete user	4	delete_user
16	Can view user	4	view_user
17	Can add content type	5	add_contenttype
18	Can change content type	5	change_contenttype
19	Can delete content type	5	delete_contenttype
20	Can view content type	5	view_contenttype
21	Can add session	6	add_session
22	Can change session	6	change_session
23	Can delete session	6	delete_session
24	Can view session	6	view_session
25	Can add country	7	add_country
26	Can change country	7	change_country
27	Can delete country	7	delete_country
28	Can view country	7	view_country
29	Can add office	8	add_office
30	Can change office	8	change_office
31	Can delete office	8	delete_office
32	Can view office	8	view_office
33	Can add project	9	add_project
34	Can change project	9	change_project
35	Can delete project	9	delete_project
36	Can view project	9	view_project
37	Can add project implementation	10	add_projectimplementation
38	Can change project implementation	10	change_projectimplementation
39	Can delete project implementation	10	delete_projectimplementation
40	Can view project implementation	10	view_projectimplementation
\.


--
-- Data for Name: auth_user; Type: TABLE DATA; Schema: public; Owner: enterprise
--

COPY public.auth_user (id, password, last_login, is_superuser, username, first_name, last_name, email, is_staff, is_active, date_joined) FROM stdin;
\.


--
-- Data for Name: auth_user_groups; Type: TABLE DATA; Schema: public; Owner: enterprise
--

COPY public.auth_user_groups (id, user_id, group_id) FROM stdin;
\.


--
-- Data for Name: auth_user_user_permissions; Type: TABLE DATA; Schema: public; Owner: enterprise
--

COPY public.auth_user_user_permissions (id, user_id, permission_id) FROM stdin;
\.


--
-- Data for Name: django_admin_log; Type: TABLE DATA; Schema: public; Owner: enterprise
--

COPY public.django_admin_log (id, action_time, object_id, object_repr, action_flag, change_message, content_type_id, user_id) FROM stdin;
\.


--
-- Data for Name: django_content_type; Type: TABLE DATA; Schema: public; Owner: enterprise
--

COPY public.django_content_type (id, app_label, model) FROM stdin;
1	admin	logentry
2	auth	permission
3	auth	group
4	auth	user
5	contenttypes	contenttype
6	sessions	session
7	app	country
8	app	office
9	app	project
10	app	projectimplementation
\.


--
-- Data for Name: django_migrations; Type: TABLE DATA; Schema: public; Owner: enterprise
--

COPY public.django_migrations (id, app, name, applied) FROM stdin;
1	contenttypes	0001_initial	2022-08-29 23:29:55.091646+00
2	auth	0001_initial	2022-08-29 23:29:55.964439+00
3	admin	0001_initial	2022-08-29 23:29:56.220029+00
4	admin	0002_logentry_remove_auto_add	2022-08-29 23:29:56.242433+00
5	admin	0003_logentry_add_action_flag_choices	2022-08-29 23:29:56.259219+00
6	app	0001_initial	2022-08-29 23:29:56.509566+00
7	app	0002_alter_project_end_date	2022-08-29 23:29:56.524618+00
8	app	0003_remove_project_implementing_office_id_and_more	2022-08-29 23:29:56.765593+00
9	app	0004_project_status	2022-08-29 23:29:56.782393+00
10	app	0005_remove_projectimplementation_status	2022-08-29 23:29:56.79308+00
11	app	0006_alter_projectimplementation_project_id	2022-08-29 23:29:56.802572+00
12	contenttypes	0002_remove_content_type_name	2022-08-29 23:29:56.827778+00
13	auth	0002_alter_permission_name_max_length	2022-08-29 23:29:56.838411+00
14	auth	0003_alter_user_email_max_length	2022-08-29 23:29:56.850032+00
15	auth	0004_alter_user_username_opts	2022-08-29 23:29:56.864827+00
16	auth	0005_alter_user_last_login_null	2022-08-29 23:29:56.886074+00
17	auth	0006_require_contenttypes_0002	2022-08-29 23:29:56.899334+00
18	auth	0007_alter_validators_add_error_messages	2022-08-29 23:29:56.918961+00
19	auth	0008_alter_user_username_max_length	2022-08-29 23:29:56.985186+00
20	auth	0009_alter_user_last_name_max_length	2022-08-29 23:29:57.02314+00
21	auth	0010_alter_group_name_max_length	2022-08-29 23:29:57.04217+00
22	auth	0011_update_proxy_permissions	2022-08-29 23:29:57.068239+00
23	auth	0012_alter_user_first_name_max_length	2022-08-29 23:29:57.083596+00
24	sessions	0001_initial	2022-08-29 23:29:57.299769+00
25	app	0007_alter_project_first_disbursement_amount_and_more	2022-08-30 00:07:26.555619+00
26	app	0008_rename_country_id_projectimplementation_country_and_more	2022-08-30 00:30:22.377347+00
27	app	0009_rename_implementing_office_projectimplementation_implementation_office	2022-08-30 00:30:22.406315+00
\.


--
-- Data for Name: django_session; Type: TABLE DATA; Schema: public; Owner: enterprise
--

COPY public.django_session (session_key, session_data, expire_date) FROM stdin;
\.


--
-- Name: app_country_id_seq; Type: SEQUENCE SET; Schema: public; Owner: enterprise
--

SELECT pg_catalog.setval('public.app_country_id_seq', 1, false);


--
-- Name: app_office_id_seq; Type: SEQUENCE SET; Schema: public; Owner: enterprise
--

SELECT pg_catalog.setval('public.app_office_id_seq', 1, false);


--
-- Name: app_project_id_seq; Type: SEQUENCE SET; Schema: public; Owner: enterprise
--

SELECT pg_catalog.setval('public.app_project_id_seq', 33, true);


--
-- Name: app_projectimplementation_id_seq; Type: SEQUENCE SET; Schema: public; Owner: enterprise
--

SELECT pg_catalog.setval('public.app_projectimplementation_id_seq', 1, false);


--
-- Name: auth_group_id_seq; Type: SEQUENCE SET; Schema: public; Owner: enterprise
--

SELECT pg_catalog.setval('public.auth_group_id_seq', 1, false);


--
-- Name: auth_group_permissions_id_seq; Type: SEQUENCE SET; Schema: public; Owner: enterprise
--

SELECT pg_catalog.setval('public.auth_group_permissions_id_seq', 1, false);


--
-- Name: auth_permission_id_seq; Type: SEQUENCE SET; Schema: public; Owner: enterprise
--

SELECT pg_catalog.setval('public.auth_permission_id_seq', 40, true);


--
-- Name: auth_user_groups_id_seq; Type: SEQUENCE SET; Schema: public; Owner: enterprise
--

SELECT pg_catalog.setval('public.auth_user_groups_id_seq', 1, false);


--
-- Name: auth_user_id_seq; Type: SEQUENCE SET; Schema: public; Owner: enterprise
--

SELECT pg_catalog.setval('public.auth_user_id_seq', 1, false);


--
-- Name: auth_user_user_permissions_id_seq; Type: SEQUENCE SET; Schema: public; Owner: enterprise
--

SELECT pg_catalog.setval('public.auth_user_user_permissions_id_seq', 1, false);


--
-- Name: django_admin_log_id_seq; Type: SEQUENCE SET; Schema: public; Owner: enterprise
--

SELECT pg_catalog.setval('public.django_admin_log_id_seq', 1, false);


--
-- Name: django_content_type_id_seq; Type: SEQUENCE SET; Schema: public; Owner: enterprise
--

SELECT pg_catalog.setval('public.django_content_type_id_seq', 10, true);


--
-- Name: django_migrations_id_seq; Type: SEQUENCE SET; Schema: public; Owner: enterprise
--

SELECT pg_catalog.setval('public.django_migrations_id_seq', 27, true);


--
-- Name: app_country app_country_pkey; Type: CONSTRAINT; Schema: public; Owner: enterprise
--

ALTER TABLE ONLY public.app_country
    ADD CONSTRAINT app_country_pkey PRIMARY KEY (id);


--
-- Name: app_office app_office_pkey; Type: CONSTRAINT; Schema: public; Owner: enterprise
--

ALTER TABLE ONLY public.app_office
    ADD CONSTRAINT app_office_pkey PRIMARY KEY (id);


--
-- Name: app_project app_project_pkey; Type: CONSTRAINT; Schema: public; Owner: enterprise
--

ALTER TABLE ONLY public.app_project
    ADD CONSTRAINT app_project_pkey PRIMARY KEY (id);


--
-- Name: app_projectimplementation app_projectimplementation_pkey; Type: CONSTRAINT; Schema: public; Owner: enterprise
--

ALTER TABLE ONLY public.app_projectimplementation
    ADD CONSTRAINT app_projectimplementation_pkey PRIMARY KEY (id);


--
-- Name: auth_group auth_group_name_key; Type: CONSTRAINT; Schema: public; Owner: enterprise
--

ALTER TABLE ONLY public.auth_group
    ADD CONSTRAINT auth_group_name_key UNIQUE (name);


--
-- Name: auth_group_permissions auth_group_permissions_group_id_permission_id_0cd325b0_uniq; Type: CONSTRAINT; Schema: public; Owner: enterprise
--

ALTER TABLE ONLY public.auth_group_permissions
    ADD CONSTRAINT auth_group_permissions_group_id_permission_id_0cd325b0_uniq UNIQUE (group_id, permission_id);


--
-- Name: auth_group_permissions auth_group_permissions_pkey; Type: CONSTRAINT; Schema: public; Owner: enterprise
--

ALTER TABLE ONLY public.auth_group_permissions
    ADD CONSTRAINT auth_group_permissions_pkey PRIMARY KEY (id);


--
-- Name: auth_group auth_group_pkey; Type: CONSTRAINT; Schema: public; Owner: enterprise
--

ALTER TABLE ONLY public.auth_group
    ADD CONSTRAINT auth_group_pkey PRIMARY KEY (id);


--
-- Name: auth_permission auth_permission_content_type_id_codename_01ab375a_uniq; Type: CONSTRAINT; Schema: public; Owner: enterprise
--

ALTER TABLE ONLY public.auth_permission
    ADD CONSTRAINT auth_permission_content_type_id_codename_01ab375a_uniq UNIQUE (content_type_id, codename);


--
-- Name: auth_permission auth_permission_pkey; Type: CONSTRAINT; Schema: public; Owner: enterprise
--

ALTER TABLE ONLY public.auth_permission
    ADD CONSTRAINT auth_permission_pkey PRIMARY KEY (id);


--
-- Name: auth_user_groups auth_user_groups_pkey; Type: CONSTRAINT; Schema: public; Owner: enterprise
--

ALTER TABLE ONLY public.auth_user_groups
    ADD CONSTRAINT auth_user_groups_pkey PRIMARY KEY (id);


--
-- Name: auth_user_groups auth_user_groups_user_id_group_id_94350c0c_uniq; Type: CONSTRAINT; Schema: public; Owner: enterprise
--

ALTER TABLE ONLY public.auth_user_groups
    ADD CONSTRAINT auth_user_groups_user_id_group_id_94350c0c_uniq UNIQUE (user_id, group_id);


--
-- Name: auth_user auth_user_pkey; Type: CONSTRAINT; Schema: public; Owner: enterprise
--

ALTER TABLE ONLY public.auth_user
    ADD CONSTRAINT auth_user_pkey PRIMARY KEY (id);


--
-- Name: auth_user_user_permissions auth_user_user_permissions_pkey; Type: CONSTRAINT; Schema: public; Owner: enterprise
--

ALTER TABLE ONLY public.auth_user_user_permissions
    ADD CONSTRAINT auth_user_user_permissions_pkey PRIMARY KEY (id);


--
-- Name: auth_user_user_permissions auth_user_user_permissions_user_id_permission_id_14a6b632_uniq; Type: CONSTRAINT; Schema: public; Owner: enterprise
--

ALTER TABLE ONLY public.auth_user_user_permissions
    ADD CONSTRAINT auth_user_user_permissions_user_id_permission_id_14a6b632_uniq UNIQUE (user_id, permission_id);


--
-- Name: auth_user auth_user_username_key; Type: CONSTRAINT; Schema: public; Owner: enterprise
--

ALTER TABLE ONLY public.auth_user
    ADD CONSTRAINT auth_user_username_key UNIQUE (username);


--
-- Name: django_admin_log django_admin_log_pkey; Type: CONSTRAINT; Schema: public; Owner: enterprise
--

ALTER TABLE ONLY public.django_admin_log
    ADD CONSTRAINT django_admin_log_pkey PRIMARY KEY (id);


--
-- Name: django_content_type django_content_type_app_label_model_76bd3d3b_uniq; Type: CONSTRAINT; Schema: public; Owner: enterprise
--

ALTER TABLE ONLY public.django_content_type
    ADD CONSTRAINT django_content_type_app_label_model_76bd3d3b_uniq UNIQUE (app_label, model);


--
-- Name: django_content_type django_content_type_pkey; Type: CONSTRAINT; Schema: public; Owner: enterprise
--

ALTER TABLE ONLY public.django_content_type
    ADD CONSTRAINT django_content_type_pkey PRIMARY KEY (id);


--
-- Name: django_migrations django_migrations_pkey; Type: CONSTRAINT; Schema: public; Owner: enterprise
--

ALTER TABLE ONLY public.django_migrations
    ADD CONSTRAINT django_migrations_pkey PRIMARY KEY (id);


--
-- Name: django_session django_session_pkey; Type: CONSTRAINT; Schema: public; Owner: enterprise
--

ALTER TABLE ONLY public.django_session
    ADD CONSTRAINT django_session_pkey PRIMARY KEY (session_key);


--
-- Name: app_projectimplementation_country_id_id_d65a8742; Type: INDEX; Schema: public; Owner: enterprise
--

CREATE INDEX app_projectimplementation_country_id_id_d65a8742 ON public.app_projectimplementation USING btree (country_id);


--
-- Name: app_projectimplementation_implementing_office_id_id_dbff941f; Type: INDEX; Schema: public; Owner: enterprise
--

CREATE INDEX app_projectimplementation_implementing_office_id_id_dbff941f ON public.app_projectimplementation USING btree (implementation_office_id);


--
-- Name: app_projectimplementation_project_id_id_e2caa778; Type: INDEX; Schema: public; Owner: enterprise
--

CREATE INDEX app_projectimplementation_project_id_id_e2caa778 ON public.app_projectimplementation USING btree (project_id);


--
-- Name: auth_group_name_a6ea08ec_like; Type: INDEX; Schema: public; Owner: enterprise
--

CREATE INDEX auth_group_name_a6ea08ec_like ON public.auth_group USING btree (name varchar_pattern_ops);


--
-- Name: auth_group_permissions_group_id_b120cbf9; Type: INDEX; Schema: public; Owner: enterprise
--

CREATE INDEX auth_group_permissions_group_id_b120cbf9 ON public.auth_group_permissions USING btree (group_id);


--
-- Name: auth_group_permissions_permission_id_84c5c92e; Type: INDEX; Schema: public; Owner: enterprise
--

CREATE INDEX auth_group_permissions_permission_id_84c5c92e ON public.auth_group_permissions USING btree (permission_id);


--
-- Name: auth_permission_content_type_id_2f476e4b; Type: INDEX; Schema: public; Owner: enterprise
--

CREATE INDEX auth_permission_content_type_id_2f476e4b ON public.auth_permission USING btree (content_type_id);


--
-- Name: auth_user_groups_group_id_97559544; Type: INDEX; Schema: public; Owner: enterprise
--

CREATE INDEX auth_user_groups_group_id_97559544 ON public.auth_user_groups USING btree (group_id);


--
-- Name: auth_user_groups_user_id_6a12ed8b; Type: INDEX; Schema: public; Owner: enterprise
--

CREATE INDEX auth_user_groups_user_id_6a12ed8b ON public.auth_user_groups USING btree (user_id);


--
-- Name: auth_user_user_permissions_permission_id_1fbb5f2c; Type: INDEX; Schema: public; Owner: enterprise
--

CREATE INDEX auth_user_user_permissions_permission_id_1fbb5f2c ON public.auth_user_user_permissions USING btree (permission_id);


--
-- Name: auth_user_user_permissions_user_id_a95ead1b; Type: INDEX; Schema: public; Owner: enterprise
--

CREATE INDEX auth_user_user_permissions_user_id_a95ead1b ON public.auth_user_user_permissions USING btree (user_id);


--
-- Name: auth_user_username_6821ab7c_like; Type: INDEX; Schema: public; Owner: enterprise
--

CREATE INDEX auth_user_username_6821ab7c_like ON public.auth_user USING btree (username varchar_pattern_ops);


--
-- Name: django_admin_log_content_type_id_c4bce8eb; Type: INDEX; Schema: public; Owner: enterprise
--

CREATE INDEX django_admin_log_content_type_id_c4bce8eb ON public.django_admin_log USING btree (content_type_id);


--
-- Name: django_admin_log_user_id_c564eba6; Type: INDEX; Schema: public; Owner: enterprise
--

CREATE INDEX django_admin_log_user_id_c564eba6 ON public.django_admin_log USING btree (user_id);


--
-- Name: django_session_expire_date_a5c62663; Type: INDEX; Schema: public; Owner: enterprise
--

CREATE INDEX django_session_expire_date_a5c62663 ON public.django_session USING btree (expire_date);


--
-- Name: django_session_session_key_c0390e0f_like; Type: INDEX; Schema: public; Owner: enterprise
--

CREATE INDEX django_session_session_key_c0390e0f_like ON public.django_session USING btree (session_key varchar_pattern_ops);


--
-- Name: app_projectimplementation app_projectimplement_implementation_offic_a7c75abf_fk_app_offic; Type: FK CONSTRAINT; Schema: public; Owner: enterprise
--

ALTER TABLE ONLY public.app_projectimplementation
    ADD CONSTRAINT app_projectimplement_implementation_offic_a7c75abf_fk_app_offic FOREIGN KEY (implementation_office_id) REFERENCES public.app_office(id) DEFERRABLE INITIALLY DEFERRED;


--
-- Name: app_projectimplementation app_projectimplementation_country_id_1ed81d69_fk_app_country_id; Type: FK CONSTRAINT; Schema: public; Owner: enterprise
--

ALTER TABLE ONLY public.app_projectimplementation
    ADD CONSTRAINT app_projectimplementation_country_id_1ed81d69_fk_app_country_id FOREIGN KEY (country_id) REFERENCES public.app_country(id) DEFERRABLE INITIALLY DEFERRED;


--
-- Name: app_projectimplementation app_projectimplementation_project_id_ca64bc57_fk_app_project_id; Type: FK CONSTRAINT; Schema: public; Owner: enterprise
--

ALTER TABLE ONLY public.app_projectimplementation
    ADD CONSTRAINT app_projectimplementation_project_id_ca64bc57_fk_app_project_id FOREIGN KEY (project_id) REFERENCES public.app_project(id) DEFERRABLE INITIALLY DEFERRED;


--
-- Name: auth_group_permissions auth_group_permissio_permission_id_84c5c92e_fk_auth_perm; Type: FK CONSTRAINT; Schema: public; Owner: enterprise
--

ALTER TABLE ONLY public.auth_group_permissions
    ADD CONSTRAINT auth_group_permissio_permission_id_84c5c92e_fk_auth_perm FOREIGN KEY (permission_id) REFERENCES public.auth_permission(id) DEFERRABLE INITIALLY DEFERRED;


--
-- Name: auth_group_permissions auth_group_permissions_group_id_b120cbf9_fk_auth_group_id; Type: FK CONSTRAINT; Schema: public; Owner: enterprise
--

ALTER TABLE ONLY public.auth_group_permissions
    ADD CONSTRAINT auth_group_permissions_group_id_b120cbf9_fk_auth_group_id FOREIGN KEY (group_id) REFERENCES public.auth_group(id) DEFERRABLE INITIALLY DEFERRED;


--
-- Name: auth_permission auth_permission_content_type_id_2f476e4b_fk_django_co; Type: FK CONSTRAINT; Schema: public; Owner: enterprise
--

ALTER TABLE ONLY public.auth_permission
    ADD CONSTRAINT auth_permission_content_type_id_2f476e4b_fk_django_co FOREIGN KEY (content_type_id) REFERENCES public.django_content_type(id) DEFERRABLE INITIALLY DEFERRED;


--
-- Name: auth_user_groups auth_user_groups_group_id_97559544_fk_auth_group_id; Type: FK CONSTRAINT; Schema: public; Owner: enterprise
--

ALTER TABLE ONLY public.auth_user_groups
    ADD CONSTRAINT auth_user_groups_group_id_97559544_fk_auth_group_id FOREIGN KEY (group_id) REFERENCES public.auth_group(id) DEFERRABLE INITIALLY DEFERRED;


--
-- Name: auth_user_groups auth_user_groups_user_id_6a12ed8b_fk_auth_user_id; Type: FK CONSTRAINT; Schema: public; Owner: enterprise
--

ALTER TABLE ONLY public.auth_user_groups
    ADD CONSTRAINT auth_user_groups_user_id_6a12ed8b_fk_auth_user_id FOREIGN KEY (user_id) REFERENCES public.auth_user(id) DEFERRABLE INITIALLY DEFERRED;


--
-- Name: auth_user_user_permissions auth_user_user_permi_permission_id_1fbb5f2c_fk_auth_perm; Type: FK CONSTRAINT; Schema: public; Owner: enterprise
--

ALTER TABLE ONLY public.auth_user_user_permissions
    ADD CONSTRAINT auth_user_user_permi_permission_id_1fbb5f2c_fk_auth_perm FOREIGN KEY (permission_id) REFERENCES public.auth_permission(id) DEFERRABLE INITIALLY DEFERRED;


--
-- Name: auth_user_user_permissions auth_user_user_permissions_user_id_a95ead1b_fk_auth_user_id; Type: FK CONSTRAINT; Schema: public; Owner: enterprise
--

ALTER TABLE ONLY public.auth_user_user_permissions
    ADD CONSTRAINT auth_user_user_permissions_user_id_a95ead1b_fk_auth_user_id FOREIGN KEY (user_id) REFERENCES public.auth_user(id) DEFERRABLE INITIALLY DEFERRED;


--
-- Name: django_admin_log django_admin_log_content_type_id_c4bce8eb_fk_django_co; Type: FK CONSTRAINT; Schema: public; Owner: enterprise
--

ALTER TABLE ONLY public.django_admin_log
    ADD CONSTRAINT django_admin_log_content_type_id_c4bce8eb_fk_django_co FOREIGN KEY (content_type_id) REFERENCES public.django_content_type(id) DEFERRABLE INITIALLY DEFERRED;


--
-- Name: django_admin_log django_admin_log_user_id_c564eba6_fk_auth_user_id; Type: FK CONSTRAINT; Schema: public; Owner: enterprise
--

ALTER TABLE ONLY public.django_admin_log
    ADD CONSTRAINT django_admin_log_user_id_c564eba6_fk_auth_user_id FOREIGN KEY (user_id) REFERENCES public.auth_user(id) DEFERRABLE INITIALLY DEFERRED;


--
-- PostgreSQL database dump complete
--

